from,to,weigh,year
US8086008B2 ,US20150005785,1,2016
US6167145A,US8086008B2 ,1,2003
US3821469A,US6167145A,1,1996
US3868565A,US6167145A,1,1996
US3656161A ,US3868565A,1,1973
US3644825A,US3868565A,1,1973
US3731752A,US3868565A,1,1973
US4071456A,US6167145A,1,1996
US3787441A,US4071456A,1,1973
US3755429A ,US4071456A,1,1973
US3910258A,US6167145A,1,1996
US3587563A,US3910258A,1,1974
US3706308A,US3910258A,1,1974
US3721230A,US3910258A,1,1974
US3572324A,US3721230A,1,1970
US3572321A,US3721230A,1,1970
US3699947A,US3910258A,1,1974
US3760796A,US3910258A,1,1974
US4058114A,US6167145A,1,1996
US3721227A,US4058114A,1,1974
US3971133A,US6167145A,1,1996
US3963028A,US6167145A,1,1996
US3983474A,US6167145A,1,1996
US3656161A ,US3983474A,1,1975
US3644825A,US3983474A,1,1975
US3731752A,US3983474A,1,1975
US4068156A,US6167145A,1,1996
US4262306A,US6167145A,1,1996
US3567853A,US4262306A,1,1977
US3673317A,US4262306A,1,1977
US4058114A,US4262306A,1,1977
US4182312A,US6167145A,1,1996
US3664731A,US4182312A,1,1977
US3777740A,US4182312A,1,1977
US3812858A,US4182312A,1,1977
US3675655A,US3812858A,1,1972
US3731188A,US3812858A,1,1972
US3582957A,US3731188A,1,1971
US3943914A,US4182312A,1,1977
US3660901A,US3943914A,1,1973
US3916529A,US4182312A,1,1977
US3660901A,US3916529A,1,1973
US3753434A,US3916529A,1,1973
US3660901A,US3753434A,1,1971
US3727604A,US3916529A,1,1973
US3943913A,US4182312A,1,1977
US3577855A,US3943913A,1,1974
US3768459A,US3943913A,1,1974
US3752144A,US3943913A,1,1974
US4112587A,US4182312A,1,1977
US4024647A,US4112587A,1,1976
US3939326A,US4024647A,1,1976
US3649808A,US3939326A,1,1975
US3781516A,US3939326A,1,1975
US3558853A,US3781516A,1,1973
US3781517A,US3939326A,1,1975
US3642364A,US3781517A,1,1973
US3697722A,US3781517A,1,1973
US4117337A,US6167145A,1,1996
US3708663A,US4117337A,1,1977
US4209254A,US6167145A,1,1996
US3951550A,US4209254A,1,1978
US3649122A,US3951550A,1,1974
US3709609A,US3951550A,1,1974
US3739176A,US3951550A,1,1974
US3723013A,US3951550A,1,1974
US3719424A,US3951550A,1,1974
US4039825A,US4209254A,1,1978
US3816000A,US4039825A,1,1974
US3628385A,US3816000A,1,1972
US3907435A,US4039825A,1,1974
US3603691A,US3907435A,1,1972
US3631601A,US3907435A,1,1972
GB1359581A,US4039825A,1,1974
US3894230A,US4039825A,1,1974
US3649122A,US3894230A,1,1973
US3709609A,US3894230A,1,1973
US3640628A,US3894230A,1,1973
US3775741A,US3894230A,1,1973
US3674226A,US3775741A,1,1970
US3696248A,US3775741A,1,1970
US3690599A,US3775741A,1,1970
US3742233A,US3894230A,1,1973
US3590261A,US3742233A,1,1971
US3651509A,US3742233A,1,1971
US3559307A,US3651509A,1,1970
US3989384A,US4209254A,1,1978
US3684383A,US3989384A,1,1975
US3796497A,US3989384A,1,1975
US3612698A,US3796497A,1,1971
US3683195A,US3796497A,1,1971
US3813171A,US3989384A,1,1975
US3573849A,US3813171A,1,1973
US3865483A,US3989384A,1,1975
US3632215A,US3865483A,1,1974
US3712740A,US3865483A,1,1974
US3612698A,US3865483A,1,1974
US3756723A,US3865483A,1,1974
US3698808A,US3865483A,1,1974
US3645626A,US3865483A,1,1974
US3796497A,US3865483A,1,1974
US4004852A,US4209254A,1,1978
US3684374A,US4004852A,1,1975
US3898676A,US4004852A,1,1975
US3713371A,US3898676A,1,1972
US3838275A,US4004852A,1,1975
US3634689A,US3838275A,1,1973
US3764213A,US3838275A,1,1973
US3691483A,US3764213A,1,1972
US3846628A,US4004852A,1,1975
US3610934,US3846628A,1,1973
US3708619A,US3846628A,1,1973
US3792260A,US3846628A,1,1973
US3945023A,US4004852A,1,1975
US3736057A,US3945023A,1,1974
US3838275A,US3945023A,1,1974
US3836772A,US3945023A,1,1974
US3634689A,US3836772A,1,1973
US3764213A,US3836772A,1,1973
US3907434A,US4004852A,1,1975
US3654477A,US3907434A,1,1974
US4092072A,US4209254A,1,1978
US3717413A,US4092072A,1,1975
US3614239A,US3717413A,1,1969
GB1410322A,US4092072A,1,1975
US3827807A,US4092072A,1,1975
US3951550A,US4092072A,1,1975
US3989384A,US4092072A,1,1975
US4111555A,US4209254A,1,1978
US3917412A,US4111555A,1,1976
US3664748A,US3917412A,1,1972
US3678283A,US3917412A,1,1972
US3827807A,US4111555A,1,1976
US3951550A,US4111555A,1,1976
US4025192A,US4111555A,1,1976
US3653769A,US4025192A,1,1975
US3832056A,US4025192A,1,1975
US3619058A,US3832056A,1,1972
US3690767,US3832056A,1,1972
US3740141A,US3832056A,1,1972
US3809477A,US4025192A,1,1975
US3733134A,US4025192A,1,1975
US3659948A,US3733134A,1,1970
US3898445A,US4025192A,1,1975
US3637309A,US3898445A,1,1972
US3633010A,US3898445A,1,1972
US3791735A,US3898445A,1,1972
US4136568A,US4209254A,1,1978
US3706493A,US4136568A,1,1977
US3858201A,US4136568A,1,1977
US3662180A,US3858201A,1,1973
US3706493A,US3858201A,1,1973
US3951550A,US4136568A,1,1977
FR2417970B1,US6167145A,1,1996
US4259725A,US6167145A,1,1996
US3593310A,US4259725A,1,1979
US3729129A,US4259725A,1,1979
US3883861A,US4259725A,1,1979
US4129859A,US4259725A,1,1979
US4116444A,US4259725A,1,1979
US3685038A,US4116444A,1,1976
US3747087A,US4116444A,1,1976
US3750135A,US4116444A,1,1976
US3659283A,US3750135A,1,1971
US3668687A,US3750135A,1,1971
US3624632A,US3750135A,1,1971
US3893075A,US4116444A,1,1976
US3686662A,US3893075A,1,1972
US3792464A,US3893075A,1,1972
US3686662A,US3792464A,1,1973
US4026555A,US4116444A,1,1976
US3659285A,US4026555A,1,1975
US3750133A,US4026555A,1,1975
US3836902A,US4026555A,1,1975
US3821468A,US4026555A,1,1975
US3793483A,US4026555A,1,1975
US3659284A,US3793483A,1,1972
US3659285A,US3793483A,1,1972
US3874669A,US4026555A,1,1975
US3659285A,US3874669A,1,1973
US3603962A,US3874669A,1,1973
US3936664A,US4026555A,1,1975
US3668687A,US3936664A,1,1973
US4034983A,US4116444A,1,1976
US3778058A,US4034983A,1,1975
US3583538A,US3778058A,1,1969
US3659285A,US4034983A,1,1975
US3793483A,US4034983A,1,1975
US3874669A,US4034983A,1,1975
US3921161A,US4034983A,1,1975
US4053740A,US4116444A,1,1976
US3659284A,US4053740A,1,1975
US3778058A,US4053740A,1,1975
US3659285A,US4053740A,1,1975
US3874669A,US4053740A,1,1975
US3921161A,US4053740A,1,1975
US4121283A,US4259725A,1,1979
US3549939A,US4121283A,1,1977
US3742289A,US4121283A,1,1977
US3805253A,US4121283A,1,1977
US3652999A,US3805253A,1,1971
US3668686A,US3805253A,1,1971
US3624634A,US3805253A,1,1971
US3603962A,US3805253A,1,1971
US3906480A,US4121283A,1,1977
US3675232A,US3906480A,1,1973
US3581290A,US3906480A,1,1973
US3668687A,US3906480A,1,1973
US3641558A,US3906480A,1,1973
US3555520A,US3641558A,1,1969
US3725723A,US3906480A,1,1973
US3549939A,US3725723A,1,1970
US3594608A,US3725723A,1,1970
US3611348A,US3725723A,1,1970
US3713135A,US3906480A,1,1973
US3973245A,US4121283A,1,1977
US3631455A,US3973245A,1,1974
US3675232A,US3973245A,1,1974
US3668661A,US3973245A,1,1974
US3911403A,US4121283A,1,1977
US3599186A,US3911403A,1,1974
US3685020A,US3911403A,1,1974
US3716838A,US3911403A,1,1974
US3693165A,US3911403A,1,1974
US3976982A,US4121283A,1,1977
US3763365A,US3976982A,1,1975
US3684876A,US3763365A,1,1972
US4020281A,US4121283A,1,1977
US3917955A,US4020281A,1,1976
US3829614A,US3917955A,1,1973
US3651508A,US3917955A,1,1973
US3512037A,US3651508A,1,1970
US3873974A,US4020281A,1,1976
US3714372A,US3873974A,1,1973
US3795792A,US3873974A,1,1973
US4341220A,US6167145A,1,1996
US3714428A,US4341220A,1,1979
NL7506593A,US4341220A,1,1979
US4071769A,US4341220A,1,1979
US4005527A,US4341220A,1,1979
US3915162A,US4005527A,1,1975
US3682507A,US3915162A,1,1974
US4115691A,US4341220A,1,1979
US3714428A,US4115691A,1,1975
US4005527A,US4115691A,1,1975
US4174481A,US4341220A,1,1979
US3974388A,US4174481A,1,1976
US4051379A,US4174481A,1,1976
US3654469A,US4051379A,1,1975
US3703638A,US4051379A,1,1975
US3936646A,US4051379A,1,1975
US3934142A,US4051379A,1,1975
US4047044A,US4174481A,1,1976
US3973130A,US4047044A,1,1976
US3683182A,US3973130A,1,1973
US3710696A,US3973130A,1,1973
US3827070A,US3973130A,1,1973
US4197855A,US4341220A,1,1979
US3822694A,US4197855A,1,1977
US3768459A,US3822694A,1,1972
US4228799A,US4341220A,1,1979
EP0018166A1,US6167145A,1,1996
US3737660A,EP0018166A1,1,1979
US3991310A,EP0018166A1,1,1979
US3673394A,US3991310A,1,1970
GB1458196A,EP0018166A1,1,1979
US3962579A,EP0018166A1,1,1979
US3665184A,US3962579A,1,1974
US3783282A,US3962579A,1,1974
US3671745A,US3783282A,1,1971
US4608977A,US6167145A,1,1996
US4386602A,US4608977A,1,1977
US3677262A,US4386602A,1,1977
DE2115121A1,US4386602A,1,1977
US3747603A,US4386602A,1,1977
US3648683A,US3747603A,1,1971
US3589355A,US3648683A,1,1969
US3994557A,US4386602A,1,1977
US4230117A,US4608977A,1,1977
DE2115121A1,US4230117A,1,1978
US4341220A,US4608977A,1,1977
US4419012A,US6167145A,1,1996
US4092072A,US4419012A,1,1979
US4111555A,US4419012A,1,1979
US4168123A,US4419012A,1,1979
US3633212A,US4168123A,1,1970
US3709608A,US4168123A,1,1970
US4171155A,US4419012A,1,1979
US3596101A,US4171155A,1,1977
US4083056A,US4171155A,1,1977
US3762294A,US4083056A,1,1975
US3571598A,US3762294A,1,1970
US3733989A,US4083056A,1,1975
US3827064A,US4083056A,1,1975
US3618499A,US3827064A,1,1972
US3678835A,US3827064A,1,1972
US3691922A,US3827064A,1,1972
US3860935A,US4083056A,1,1975
US3610934A,US3860935A,1,1973
US3596101A,US3860935A,1,1973
US3571598A,US3860935A,1,1973
US3708619A,US3860935A,1,1973
US3691922A,US3860935A,1,1973
US3938894A,US4083056A,1,1975
US3714524A,US3938894A,1,1973
US3610934A,US3714524A,1,1970
US3833806A,US3938894A,1,1973
US4047187A,US4083056A,1,1975
US3713371A,US4047187A,1,1974
US3717077A,US4047187A,1,1974
US3786263A,US4047187A,1,1974
US3824608A,US4047187A,1,1974
US3742826A,US3824608A,1,1970
US3609456A,US3742826A,1,1970
US3677151A,US3824608A,1,1970
US3703130A,US3824608A,1,1970
US3748979A,US3824608A,1,1970
US3856989A,US4047187A,1,1974
US3751586A,US3856989A,1,1972
US3898676A,US4047187A,1,1974
US3872483A,US4047187A,1,1974
US3727527A,US3872483A,1,1973
US3626410A,US3727527A,1,1971
US3818495A,US3872483A,1,1973
US3584962A,US3818495A,1,1972
US3727527A,US3818495A,1,1972
US4298258A,US4419012A,1,1979
US3999192A,US4298258A,1,1978
US3610934A,US3999192A,1,1970
US4398540A,US6167145A,1,1996
US4135139A,US4398540A,1,1979
US3790925A,US4135139A,1,1976
US3569966A,US3790925A,1,1969
US4010466A,US4135139A,1,1976
US3830971A,US4010466A,1,1975
US3621150A,US3830971A,1,1971
US3715509A,US3830971A,1,1971
US3621150A,US3715509A,1,1971
US3531720A,US3715509A,1,1971
US3792194A,US4010466A,1,1975
US3663749A,US3792194A,1,1972
US3701846A,US3792194A,1,1972
US3668308A,US3792194A,1,1972
US3864660A,US4010466A,1,1975
US3904817A,US4010466A,1,1975
US3810174A,US3904817A,1,1974
US3774201A,US3904817A,1,1974
US3765018A,US3904817A,1,1974
US3683373A,US3765018A,1,1972
US3631483A,US3765018A,1,1972
US3633173A,US3765018A,1,1972
US3792194A,US3904817A,1,1974
US3784737A,US3904817A,1,1974
US3715483A,US3784737A,1,1973
US3729678A,US3784737A,1,1973
US4024490A,US4135139A,1,1976
US3792194A,US4024490A,1,1976
US3914730A,US4024490A,1,1976
US3925606A,US4024490A,1,1976
US3830971A,US3925606A,1,1974
US3792194A,US3925606A,1,1974
US3806644A,US3925606A,1,1974
US3621150A,US3806644A,1,1973
US4058001A,US4398540A,1,1979
US3857052A,US4058001A,1,1976
US3575043A,US3857052A,1,1972
US3646805A,US3857052A,1,1972
US3856985A,US4058001A,1,1976
US3690311A,US3856985A,1,1973
US3792194A,US3856985A,1,1973
US3954098A,US4058001A,1,1976
US3624744A,US3954098A,1,1975
US3777740A,US3954098A,1,1975
US3778756A,US3954098A,1,1975
US3864661A,US3954098A,1,1975
US4240295A,US4398540A,1,1979
US3856985A,US4240295A,1,1977
US4010634A,US4240295A,1,1977
US3621708A,US4010634A,1,1974
US4318413A,US4398540A,1,1979
US3937707A,US4318413A,1,1978
US3586674A,US3937707A,1,1972
US4062237A,US4318413A,1,1978
US3766517A,US4062237A,1,1976
US3987673A,US4062237A,1,1976
US3710792A,US3987673A,1,1974
US3712119A,US3987673A,1,1974
US3766517A,US3987673A,1,1974
US3889533A,US3987673A,1,1974
US3671927A,US3889533A,1,1973
US4141347A,US4318413A,1,1978
US3777740A,US4141347A,1,1976
US3922911A,US4141347A,1,1976
US3710792A,US3922911A,1,1971
US3896788A,US4141347A,1,1976
US3710792A,US3896788A,1,1973
US3624744A,US3896788A,1,1973
US3856985A,US4141347A,1,1976
US3888238A,US4141347A,1,1976
US3756071A,US3888238A,1,1973
US3789833A,US3888238A,1,1973
US3605724A,US3789833A,1,1971
US3624744A,US3789833A,1,1971
US3777740A,US3888238A,1,1973
US3778757A,US3888238A,1,1973
US3789350A,US3888238A,1,1973
US3717843A,US3789350A,1,1970
US3593254A,US3717843A,1,1970
US3987673A,US4141347A,1,1976
US4010634A,US4141347A,1,1976
US4033335A,US4141347A,1,1976
US3769966A,US4033335A,1,1975
US3591806A,US3769966A,1,1971
US3658054A,US3769966A,1,1971
US4045815A,US4141347A,1,1976
US3765009A,US4045815A,1,1976
US3648270A,US3765009A,1,1972
US3798366A,US4045815A,1,1976
US3576944A,US3798366A,1,1972
US3619648A,US3798366A,1,1972
US3663749A,US3798366A,1,1972
US3704342A,US3798366A,1,1972
US3742136A,US3798366A,1,1972
US3579249A,US3742136A,1,1970
US3730985A,US3798366A,1,1972
US3641348A,US3730985A,1,1970
US3718757A,US3798366A,1,1972
US3898644A,US4045815A,1,1976
US3818482A,US3898644A,1,1973
US3555520A,US3818482A,1,1971
US3816730A,US3898644A,1,1973
US3546696A,US3816730A,1,1971
US3653204A,US3816730A,1,1971
US3646751A,US3816730A,1,1971
US3772874A,US3898644A,1,1973
US3612654A,US3772874A,1,1970
US3714663A,US3898644A,1,1973
US3786481A,US3898644A,1,1973
US3729730A,US3786481A,1,1972
US3792613A,US3898644A,1,1973
US3624712A,US3792613A,1,1972
US3721856A,US3792613A,1,1972
US3624632A,US3792613A,1,1972
US3803587A,US3898644A,1,1973
US3696398A,US3803587A,1,1972
US3714867A,US3803587A,1,1972
US3909818A,US4045815A,1,1976
US3555520A,US3909818A,1,1973
US3641559A,US3909818A,1,1973
US3555520A,US3641559A,1,1969
US3685038A,US3909818A,1,1973
US3624632A,US3909818A,1,1973
US3954098A,US4045815A,1,1976
US4103679A,US4318413A,1,1978
US3777740A,US4103679A,1,1977
US3922911A,US4103679A,1,1977
US3766517A,US4103679A,1,1977
US3936791A,US4103679A,1,1977
US3987673A,US4103679A,1,1977
US3940985A,US4103679A,1,1977
US3546935A,US3940985A,1,1975
US4182173A,US4318413A,1,1978
US3939707A,US4182173A,1,1978
US3777740A,US3939707A,1,1973
US4097835A,US4182173A,1,1978
US4217909A,US4318413A,1,1978
US4109642A,US4217909A,1,1978
US3690311A,US4109642A,1,1972
US3777740A,US4109642A,1,1972
US3827115A,US4109642A,1,1972
US3698051A,US3827115A,1,1972
US3710781A,US3827115A,1,1972
US3769984A,US3827115A,1,1972
US3805596A,US4109642A,1,1972
US3778756A,US4109642A,1,1972
US3939707A,US4217909A,1,1978
US3953823A,US4217909A,1,1978
US3696324A,US3953823A,1,1974
US3728026A,US3953823A,1,1974
US3733581A,US3953823A,1,1974
US3896788A,US3953823A,1,1974
US4030062A,US4217909A,1,1978
US3835448A,US4030062A,1,1974
US3676839A,US3835448A,1,1972
US3967233A,US4030062A,1,1974
US3585579A,US3967233A,1,1972
US3742436A,US3967233A,1,1972
US3585578A,US3742436A,1,1971
US3553638A,US3742436A,1,1971
US3585579A,US3742436A,1,1971
US4070905A,US4217909A,1,1978
US3789833A,US4070905A,1,1975
US3919683A,US4070905A,1,1975
US3911730A,US4070905A,1,1975
US3805596A,US3911730A,1,1973
US3820387A,US3911730A,1,1973
US3881164A,US3911730A,1,1973
US3685051A,US3881164A,1,1973
US3888238A,US4070905A,1,1975
US4062237A,US4217909A,1,1978
US4141347A,US4217909A,1,1978
US4103679A,US4217909A,1,1978
US4154113A,US4217909A,1,1978
US4079352A,US4154113A,1,1978
US4012952A,US4154113A,1,1978
US3789833A,US4012952A,1,1973
US3820387A,US4012952A,1,1973
US3918024A,US4154113A,1,1978
US3685051A,US3918024A,1,1974
US3836948A,US3918024A,1,1974
US4005382A,US4154113A,1,1978
US3936791A,US4005382A,1,1975
US4058003A,US4154113A,1,1978
US3739324A,US4058003A,1,1976
US3919683A,US4058003A,1,1976
US3936791A,US4058003A,1,1976
US3918024A,US4058003A,1,1976
US3964014A,US4058003A,1,1976
US4257278A,US4398540A,1,1979
US3939707A,US4257278A,1,1979
US4062237A,US4257278A,1,1979
US4159462A,US4257278A,1,1979
US3919683A,US4159462A,1,1977
US4030343A,US4159462A,1,1977
US3722263A,US4030343A,1,1974
US4075598A,US4159462A,1,1977
US3919683A,US4075598A,1,1975
US3918025A,US4075598A,1,1975
US3685051A,US3918025A,1,1973
US4182173A,US4257278A,1,1979
US4217909A,US4257278A,1,1979
US4602622A,US6167145A,1,1996
DE2139433A1,US4602622A,1,1979
US3974388A,US4602622A,1,1979
US4058114A,US4602622A,1,1979
US4368556A,US6167145A,1,1996
US4207953A,US4368556A,1,1980
US3788423A,US4207953A,1,1977
US3536149A,US3788423A,1,1972
US3935909A,US4207953A,1,1977
US3734207A,US3935909A,1,1973
US4064952A,US4207953A,1,1977
US3850254A,US4064952A,1,1975
US3781024A,US3850254A,1,1972
US4638798A,US6167145A,1,1996
US4181939A,US4638798A,1,1980
US3924129A,US4181939A,1,1977
US4071760A,US4181939A,1,1977
US3784820A,US4071760A,1,1974
US3631244A,US3784820A,1,1970
US3808440A,US4071760A,1,1974
US3573458A,US3808440A,1,1971
US3591806A,US3808440A,1,1971
US3780290A,US4071760A,1,1974
US3573458A,US3780290A,1,1972
US3697753A,US3780290A,1,1972
US3852611A,US4071760A,1,1974
US3670163A,US3852611A,1,1972
US3940625A,US4071760A,1,1974
US3737660A,US3940625A,1,1973
US3755672A,US3940625A,1,1973
US3970853A,US4181939A,1,1977
US3899675A,US3970853A,1,1975
US3777142A,US3899675A,1,1974
US4044240A,US4181939A,1,1977
US3852603A,US4044240A,1,1975
US3684886A,US4044240A,1,1975
US3784820A,US4044240A,1,1975
US3878373A,US4044240A,1,1975
US3622784A,US3878373A,1,1971
US3743843A,US4044240A,1,1975
US3793520A,US4044240A,1,1975
US3831032A,US4044240A,1,1975
US3852611A,US4044240A,1,1975
US3936636A,US4044240A,1,1975
US3946234A,US4044240A,1,1975
US4048501A,US4181939A,1,1977
US3717762A,US4048501A,1,1976
US3777142A,US4048501A,1,1976
US3777161A,US4048501A,1,1976
US3717767A,US3777161A,1,1972
US3860822A,US4048501A,1,1976
US3659103A,US3860822A,1,1973
US3622785A,US3860822A,1,1973
US3591806A,US3860822A,1,1973
US4070578A,US4181939A,1,1977
US3757351A,US4070578A,1,1976
US3701923A,US4070578A,1,1976
US3965354A,US4070578A,1,1976
US3715594A,US3965354A,1,1975
US3891851A,US3965354A,1,1975
US3694655A,US3891851A,1,1974
US3715590A,US3891851A,1,1974
US4107531A,US4181939A,1,1977
US4002917A,US4107531A,1,1976
US4010370A,US4107531A,1,1976
US3852605A,US4010370A,1,1974
US3746862A,US3852605A,1,1972
US3783287A,US3852605A,1,1972
US3633029A,US3783287A,1,1972
US3940626A,US4010370A,1,1974
US3774030A,US3940626A,1,1973
US3949229A,US4010370A,1,1974
US3665184A,US3949229A,1,1974
US3622785A,US3949229A,1,1974
US3983399A,US4107531A,1,1976
US4358856A,US6167145A,1,1996
US3803417A,US4358856A,1,1980
US3803418A,US4358856A,1,1980
US3892967A,US4358856A,1,1980
US3803417A,US3892967A,1,1973
US4288700A,US4358856A,1,1980
US4002357A,US4288700A,1,1979
US3901270A,US4002357A,1,1975
GB2094590A,US6167145A,1,1996
EP0062941B1,US6167145A,1,1996
US4543959A,US6167145A,1,1996
US3789832A,US4543959A,1,1981
US3691455A,US3789832A,1,1972
US3932805A,US4543959A,1,1981
US3789832A,US3932805A,1,1973
US3775671A,US3932805A,1,1973
US3723856A,US3775671A,1,1972
US4015196A,US4543959A,1,1981
US3789832A,US4015196A,1,1972
US3932805A,US4015196A,1,1972
US4021726A,US4543959A,1,1981
US3932805A,US4021726A,1,1974
US4070611A,US4543959A,1,1981
US4015196A,US4070611A,1,1975
US4021726A,US4070611A,1,1975
US4240439A,US4543959A,1,1981
US3691455A,US4240439A,1,1975
US3789832A,US4240439A,1,1975
US3932805A,US4240439A,1,1975
US4291578A,US4543959A,1,1981
US3924452A,US4291578A,1,1978
US4052888A,US4291578A,1,1978
US3777740A,US4052888A,1,1975
US3924450A,US4052888A,1,1975
US3988922A,US4052888A,1,1975
US3777834A,US3988922A,1,1975
US3682265A,US3777834A,1,1969
US3715914A,US3988922A,1,1975
US3810384A,US3988922A,1,1975
US3811320A,US3988922A,1,1975
US3585851A,US3811320A,1,1973
US4065976A,US4291578A,1,1978
US3913388A,US4065976A,1,1976
US3553570A,US3913388A,1,1975
US3670562A,US3913388A,1,1975
US3921440A,US4065976A,1,1976
US3777552A,US3921440A,1,1975
US3678188A,US3777552A,1,1971
US4196630A,US4291578A,1,1978
US3924452A,US4196630A,1,1978
US3743049A,US4196630A,1,1978
US3777740A,US4196630A,1,1978
US3996792A,US4196630A,1,1978
US3924452A,US3996792A,1,1974
US4052888A,US4196630A,1,1978
US3984693A,US4196630A,1,1978
US3770955A,US3984693A,1,1975
US4065976A,US4196630A,1,1978
US4361807A,US4543959A,1,1981
US4021726A,US4361807A,1,1979
US4070611A,US4361807A,1,1979
US4115730A,US4361807A,1,1979
US3789832A,US4115730A,1,1976
US3932805A,US4115730A,1,1976
US4015196A,US4115730A,1,1976
US4021726A,US4115730A,1,1976
US4385634A,US4543959A,1,1981
US3771355A,US4385634A,1,1981
DE2709725A1,US4385634A,1,1981
US4246784A,US4385634A,1,1981
US4465069A,US6167145A,1,1996
DE2139433A1,US4465069A,1,1981
US4131802A,US4465069A,1,1981
US3974388A,US4131802A,1,1976
US4228799A,US4465069A,1,1981
US4341220A,US4465069A,1,1981
US4407298A,US6167145A,1,1996
US3671918A ,US4407298A,1,1981
US3720199A,US4407298A,1,1981
US3995623A,US4407298A,1,1981
US3815611A,US3995623A,1,1974
US3614955A,US3815611A,1,1971
US3606881A,US3815611A,1,1971
US3680544A,US3815611A,1,1971
US3837347A,US3995623A,1,1974
US3599620A,US3837347A,1,1972
US3674014A,US3837347A,1,1972
US3707960A,US3837347A,1,1972
US3680544A,US3837347A,1,1972
US4396945A,US6167145A,1,1996
US3793481A,US4396945A,1,1981
US4473074A,US6167145A,1,1996
US3703176A,US4473074A,1,1981
US3720213A,US4473074A,1,1981
US3659613A,US3720213A,1,1971
US3642007A,US3720213A,1,1971
US3828788A,US4473074A,1,1981
US3703176A,US3828788A,1,1972
US3653384A,US3828788A,1,1972
US3720213A,US3828788A,1,1972
US3913582A,US4473074A,1,1981
US3703176A,US3913582A,1,1972
US3720213A,US3913582A,1,1972
US3910276A,US4473074A,1,1981
US3659613A,US3910276A,1,1969
US3821510A,US3910276A,1,1969
US4123143A,US4473074A,1,1981
US3769963A,US4123143A,1,1975
US3703176A,US3769963A,1,1972
US3828788A,US4123143A,1,1975
US3913582A,US4123143A,1,1975
US4270845A,US4473074A,1,1981
US3696230A,US4270845A,1,1976
US3826998A,US4270845A,1,1976
US3720213A,US4270845A,1,1976
US3828788A,US4270845A,1,1976
US3913582A,US4270845A,1,1976
US4069823A,US4473074A,1,1981
US3703176A,US4069823A,1,1976
US3720213A,US4069823A,1,1976
US3796220A,US4069823A,1,1976
US3642007A,US3796220A,1,1972
US3703176A,US3796220A,1,1972
US3769963A,US4069823A,1,1976
US3914013A,US4069823A,1,1976
US3659613A,US3914013A,1,1974
US3669524A,US3914013A,1,1974
US3642007A,US3914013A,1,1974
US3638312A,US3914013A,1,1974
US3703176A,US3914013A,1,1974
US3710091A,US3914013A,1,1974
US3803379A,US3914013A,1,1974
US3710798A,US3914013A,1,1974
US3642007A,US3710798A,1,1971
US3782823A,US3914013A,1,1974
US3910276A,US4069823A,1,1976
US4057332A,US4473074A,1,1981
US3696230A,US4057332A,1,1976
US3977251A,US4057332A,1,1976
US3556038A,US3977251A,1,1973
US4174154A,US4473074A,1,1981
US4144888A,US4473074A,1,1981
US3653384A,US4144888A,1,1976
US3828788A,US4144888A,1,1976
US3913582A,US4144888A,1,1976
US3848104A,US4144888A,1,1976
US3743777A,US3848104A,1,1969
US3986767A,US4144888A,1,1976
US3619550A,US3986767A,1,1969
US3696230A,US3986767A,1,1969
US3781094A,US3986767A,1,1969
US3920951A,US4144888A,1,1976
US3716668A,US3920951A,1,1974
US3679818A,US3920951A,1,1974
US3739088A,US3920951A,1,1974
US3836709A,US3920951A,1,1974
US3615448A,US3836709A,1,1972
US4122853A,US4473074A,1,1981
US3693623A,US4122853A,1,1977
DE2309205A1,US4122853A,1,1977
US3892541A,US4122853A,1,1977
US3758296A,US3892541A,1,1970
DE2511248A1,US4122853A,1,1977
DE2827639A1,US4473074A,1,1981
DE3205915A1,US6167145A,1,1996
DE2443558A1,DE3205915A1,1,1982
EP0030355A2,DE3205915A1,1,1982
DE2115121A1,EP0030355A2,1,1979
DE2809645A1,EP0030355A2,1,1979
DE2115121A1,DE2809645A1,1,1971
EP0018166A1,EP0030355A2,1,1979
DE3205085A1,DE3205915A1,1,1982
US4457311A,US6167145A,1,1996
US4094306A,US4457311A,1,1982
US3752255A,US4094306A,1,1975
US3614891A,US3752255A,1,1969
US3973235A,US4094306A,1,1975
US3622825A,US3973235A,1,1973
US3936791A,US4094306A,1,1975
US3990296A,US4094306A,1,1975
US3711823A,US3990296A,1,1975
US3594717A,US3711823A,1,1970
US3745812A,US3990296A,1,1975
US3890829A,US3990296A,1,1975
US3745814A,US3890829A,1,1973
US4242912A,US4457311A,1,1982
US3919683A,US4242912A,1,1975
US3881164A,US4242912A,1,1975
US3936791A,US4242912A,1,1975
US3918024A,US4242912A,1,1975
US4019169A,US4242912A,1,1975
US3919683A,US4019169A,1,1974
US3936791A,US4019169A,1,1974
US4119938A,US4242912A,1,1975
US3911730A,US4119938A,1,1974
US4163394A,US4242912A,1,1975
US3938371A,US4163394A,1,1975
US3612920A,US3938371A,1,1972
US3573515A,US3612920A,1,1970
US3798961A,US3938371A,1,1972
US3616684A,US3798961A,1,1971
US3990300A,US4163394A,1,1975
US3741004A,US3990300A,1,1974
US3895685A,US3990300A,1,1974
US3802253A,US3990300A,1,1974
US4005382A,US4242912A,1,1975
US4253338A,US4457311A,1,1982
US3805596A,US4253338A,1,1976
US3939696A,US4253338A,1,1976
US3778756A,US4253338A,1,1976
US4016862A,US4253338A,1,1976
US3572324A,US4016862A,1,1972
US3789833A,US4016862A,1,1972
US3883815A,US4016862A,1,1972
US3919683A,US4253338A,1,1976
US3881466A,US4253338A,1,1976
US3789833A,US3881466A,1,1973
US3805596A,US3881466A,1,1973
US3778756A,US3881466A,1,1973
US3888238A,US4253338A,1,1976
US4019169A,US4253338A,1,1976
US4075598A,US4253338A,1,1976
US4136325A,US4253338A,1,1976
US3790925A,US4136325A,1,1975
US3919683A,US4136325A,1,1975
US3921122A,US4136325A,1,1975
US3914730A,US4136325A,1,1975
US4024490A,US4136325A,1,1975
US4005382A,US4253338A,1,1976
US4209022A,US4457311A,1,1982
US3924452A,US4209022A,1,1976
US3777740A,US4209022A,1,1976
US3938502A,US4209022A,1,1976
US3789833A,US3938502A,1,1972
US3779234A,US3938502A,1,1972
US3805596A,US3938502A,1,1972
US4109642A,US4209022A,1,1976
US3792423A,US4209022A,1,1976
US3939696A,US4209022A,1,1976
US3856985A,US4209022A,1,1976
US3872858A,US4209022A,1,1976
US3673325A,US3872858A,1,1973
US3688565A,US3872858A,1,1973
US3554014A,US3688565A,1,1970
US3792613A,US3872858A,1,1973
US3881466A,US4209022A,1,1976
US3954098A,US4209022A,1,1976
US4094306A,US4209022A,1,1976
US4240295A,US4457311A,1,1982
US4271842A,US4457311A,1,1982
US3624744A,US4271842A,1,1978
US3744479A,US4271842A,1,1978
US3830223A,US4271842A,1,1978
US3640271A,US3830223A,1,1972
US3695252A,US3830223A,1,1972
US3690158A,US3830223A,1,1972
US3952201A,US4271842A,1,1978
US3670163A,US3952201A,1,1973
US3825761A,US3952201A,1,1973
US3852611A,US3952201A,1,1973
US3871360A,US4271842A,1,1978
US3605724A,US3871360A,1,1973
US3699948A,US3871360A,1,1973
US3690313A,US3871360A,1,1973
US3521087A,US3690313A,1,1970
US3864660A,US4271842A,1,1978
US4029948A,US4271842A,1,1978
US3679823A,US4029948A,1,1974
US3818220A,US4029948A,1,1974
US3894181A,US4029948A,1,1974
US3641266A,US3894181A,1,1973
US3679823A,US3894181A,1,1973
US3950613A,US4029948A,1,1974
US3766383A,US3950613A,1,1973
US3829688A,US3950613A,1,1973
US3801785A,US3950613A,1,1973
US3669528A,US3801785A,1,1972
US3955561A,US4271842A,1,1978
US3584504A,US3955561A,1,1974
US3817089A,US3955561A,1,1974
US3763463A,US3955561A,1,1974
US3613069A,US3763463A,1,1972
US3974826A,US4271842A,1,1978
US3690311A,US3974826A,1,1974
US3856985A,US3974826A,1,1974
US3954098A,US4271842A,1,1978
US4033335A,US4271842A,1,1978
US4037585A,US4271842A,1,1978
US3670715A,US4037585A,1,1975
US3759247A,US4037585A,1,1975
US3659591A,US3759247A,1,1970
US3769966A,US4037585A,1,1975
US4034744A,US4271842A,1,1978
US3690311A,US4034744A,1,1975
US3779234A,US4034744A,1,1975
US3817089A,US4034744A,1,1975
US3778756A,US4034744A,1,1975
US3828609A,US4034744A,1,1975
US3554014A,US3828609A,1,1972
US3603136A,US3828609A,1,1972
US3636778A,US3828609A,1,1972
US4045815A,US4271842A,1,1978
US4100916A,US4271842A,1,1978
US3688564A,US4100916A,1,1976
US3744479A,US4100916A,1,1976
US3789833A,US4100916A,1,1976
US3777740A,US4100916A,1,1976
US3822694A,US4100916A,1,1976
US3909771A,US4100916A,1,1976
US3614720A,US3909771A,1,1973
US3881466A,US4100916A,1,1976
US4079417A,US4271842A,1,1978
US3969571A,US4079417A,1,1976
US3920889A,US4079417A,1,1976
US3800077A,US3920889A,1,1974
US4121250A,US4271842A,1,1978
US3810174A,US4121250A,1,1976
US3864660A,US4121250A,1,1976
US3925606A,US4121250A,1,1976
US4058001A,US4271842A,1,1978
US4075883A,US4271842A,1,1978
US3794964A,US4075883A,1,1976
US3685051A,US3794964A,1,1971
US3940625A,US4075883A,1,1976
US3959770A,US4075883A,1,1976
US3691517A,US3959770A,1,1974
US3534326A,US3691517A,1,1969
US3831135A,US3959770A,1,1974
US3685008A,US3831135A,1,1973
US4159462A,US4271842A,1,1978
US4111055A,US4271842A,1,1978
DE2619684A1,US4111055A,1,1977
US4010466A,US4111055A,1,1977
US4127034A,US4271842A,1,1978
US3789833A,US4127034A,1,1977
US3911730A,US4127034A,1,1977
US4012952A,US4127034A,1,1977
US4070642A,US4127034A,1,1977
US3919683A,US4070642A,1,1975
US4058003A,US4127034A,1,1977
US4246791A,US4457311A,1,1982
US3936791A,US4246791A,1,1978
US4110723A,US4246791A,1,1978
US4047520A,US4246791A,1,1978
US4084582A,US4246791A,1,1978
US3854471A,US4084582A,1,1976
US3605724A,US3854471A,1,1972
US3745989A,US3854471A,1,1972
US3704704A,US3745989A,1,1972
US3693418A,US3745989A,1,1972
DE2414777A1,US4084582A,1,1976
US3918024A,US4084582A,1,1976
US3964296A,US4084582A,1,1976
US3817089A,US3964296A,1,1975
US3780572A,US3964296A,1,1975
US4137777A,US4246791A,1,1978
US3924454A,US4137777A,1,1977
US3667287A,US3924454A,1,1973
US4012952A,US4137777A,1,1977
US3918024A,US4137777A,1,1977
US4034332A,US4137777A,1,1977
US3604251A,US4034332A,1,1974
US3678452A,US4034332A,1,1974
US3719922A,US4034332A,1,1974
US3631384A,US3719922A,1,1971
US3736552A,US4034332A,1,1974
US3593254A,US3736552A,1,1969
US3736436A,US4034332A,1,1974
US3771116A,US4034332A,1,1974
US3617994A,US3771116A,1,1972
US4005382A,US4137777A,1,1977
US4058003A,US4137777A,1,1977
US4271706A,US4457311A,1,1982
US3832887A,US4271706A,1,1978
DE2060269A1,US4271706A,1,1978
US3792423A,US4271706A,1,1978
US3751976A,US4271706A,1,1978
US3778757A,US4271706A,1,1978
US3881466A,US4271706A,1,1978
US3918297A,US4271706A,1,1978
US3780572A,US3918297A,1,1974
US4070643A,US4271706A,1,1978
US3678452A,US4070643A,1,1975
US3774203A,US4070643A,1,1975
US3534326A,US3774203A,1,1971
US4021771A,US4271706A,1,1978
US3760344A,US4021771A,1,1975
US3715482A,US4021771A,1,1975
US3792423A,US4021771A,1,1975
US4131022A,US4271706A,1,1978
US3792423A,US4131022A,1,1976
US3886490A,US4131022A,1,1976
US3895525A,US4131022A,1,1976
US3701089A,US3895525A,1,1973
US3937066A,US4131022A,1,1976
US3736552A,US3937066A,1,1973
US3778756A,US3937066A,1,1973
US3780572A,US3937066A,1,1973
US3918024A,US4131022A,1,1976
US3918297A,US4131022A,1,1976
US4016750B1,US4131022A,1,1976
US4016750A,US4131022A,1,1976
US4135406A,US4271706A,1,1978
US3693414A,US4135406A,1,1976
US3805596A,US4135406A,1,1976
US3895525A,US4135406A,1,1976
US4010634A,US4135406A,1,1976
US4233988A,US4457311A,1,1982
US3886490A,US4233988A,1,1978
US4016751A,US4233988A,1,1978
US3859984A,US4016751A,1,1973
US3587561A,US3859984A,1,1972
US3676584A,US3859984A,1,1972
US3780725A,US3859984A,1,1972
US3587561A,US3780725A,1,1971
US4012952A,US4233988A,1,1978
US4094306A,US4233988A,1,1978
US4078435A,US4233988A,1,1978
US3939696A,US4078435A,1,1975
US3996792A,US4078435A,1,1975
US4034744A,US4233988A,1,1978
US4161121A,US4233988A,1,1978
US3881466A ,US4161121A,1,1976
US3911730A,US4161121A,1,1976
US3881164A,US4161121A,1,1976
US3936791A,US4161121A,1,1976
US4075883A,US4233988A,1,1978
US4265121A,US4457311A,1,1982
US3678737A,US4265121A,1,1978
US3698051A,US4265121A,1,1978
US3751712A,US4265121A,1,1978
US3864660A,US4265121A,1,1978
US4005258A,US4265121A,1,1978
US3772457A,US4005258A,1,1973
US3763693A,US4005258A,1,1973
US3856985A,US4005258A,1,1973
US3980926A,US4265121A,1,1978
US3684915A,US3980926A,1,1974
US3772457A,US3980926A,1,1974
US3757040A,US3980926A,1,1974
US3833934A,US3980926A,1,1974
US3634887A,US3833934A,1,1972
US3974826A,US4265121A,1,1978
US4086818A,US4265121A,1,1978
US4252026A,US4457311A,1,1982
US3587561A,US4252026A,1,1979
US3789833A,US4252026A,1,1979
US3805596A,US4252026A,1,1979
US3820387A,US4252026A,1,1979
US3778757A,US4252026A,1,1979
US3895381A,US4252026A,1,1979
US3603992A,US3895381A,1,1969
US3919683A,US4252026A,1,1979
US3967233A,US4252026A,1,1979
US3881466A,US4252026A,1,1979
US3911730A,US4252026A,1,1979
US3936791A,US4252026A,1,1979
US3895525A,US4252026A,1,1979
US4005258A,US4252026A,1,1979
US3950723A,US4252026A,1,1979
US3585579A,US3950723A,1,1974
US3742436A,US3950723A,1,1974
US3979711A,US4252026A,1,1979
GB1244551A,US3979711A,1,1974
US3881466A,US3979711A,1,1974
US3886489A,US3979711A,1,1974
US3711823A,US3886489A,1,1974
US3736552A,US3886489A,1,1974
US3780572A,US3886489A,1,1974
US4023175A,US4252026A,1,1979
US3953822A,US4023175A,1,1974
US3617994A,US3953822A,1,1973
US3771116A,US3953822A,1,1973
US4159462A,US4252026A,1,1979
US4272991A,US4457311A,1,1982
US3990300A,US4272991A,1,1979
US4078435A,US4272991A,1,1979
US4213183A,US4457311A,1,1982
US3910124A,US4213183A,1,1979
US3771355A,US4213183A,1,1979
US3978714A,US4213183A,1,1979
US3678736A,US3978714A,1,1972
US3898838A,US4213183A,1,1979
US3678736A,US3898838A,1,1973
US3727119A,US3898838A,1,1973
US3721118A,US3898838A,1,1973
US3575043A,US3721118A,1,1971
US3757187A,US3898838A,1,1973
US4063549A,US4213183A,1,1979
US3830223A,US4063549A,1,1975
US3856985A,US4063549A,1,1975
US3934458A,US4063549A,1,1975
US4062237A,US4213183A,1,1979
US4245250A,US4457311A,1,1982
US3653044A,US4245250A,1,1979
US3765018A,US4245250A,1,1979
US3858085A,US4245250A,1,1979
US3597757A,US3858085A,1,1973
US3629841A,US3858085A,1,1973
US3761765A,US3858085A,1,1973
US3659283A,US3761765A,1,1971
US3660833A,US3761765A,1,1971
US3539860A,US3660833A,1,1970
US3649819A,US3761765A,1,1971
US4002827A,US4245250A,1,1979
US3810174A,US4002827A,1,1975
US3633173A,US4002827A,1,1975
US3827027A,US4002827A,1,1975
US3599178A,US3827027A,1,1971
US3555520A,US3827027A,1,1971
US3602702A,US3827027A,1,1971
US3638199A,US3827027A,1,1971
US3765018A,US4002827A,1,1975
US3904817A,US4002827A,1,1975
US4135140A,US4245250A,1,1979
US3790925A,US4135140A,1,1976
US3701089A,US4135140A,1,1976
US4010466A,US4135140A,1,1976
US4024490A,US4135140A,1,1976
US4058001A,US4245250A,1,1979
US4159462A,US4245250A,1,1979
US4167753A,US4245250A,1,1979
US3864661A,US4167753A,1,1977
US3864660A,US4167753A,1,1977
US4063451A,US4167753A,1,1977
US3864661A,US4063451A,1,1974
US4070905A,US4167753A,1,1977
US4057836A,US4167753A,1,1977
US3810174A,US4057836A,1,1976
US3941921A,US4057836A,1,1976
US3749836A,US3941921A,1,1972
US3601536A,US3749836A,1,1971
US3603725A,US3749836A,1,1971
US3806644A,US3941921A,1,1972
US3914543A,US4057836A,1,1976
US3830971A,US3914543A,1,1972
US3832487A,US3914543A,1,1972
US3585293A,US3832487A,1,1971
US3700795A,US3832487A,1,1971
US3651254A,US3700795A,1,1971
US3806644A,US3914543A,1,1972
US3806644A,US4057836A,1,1976
US3904817A,US4057836A,1,1976
US4002827A,US4057836A,1,1976
US4058001A,US4167753A,1,1977
US4111055A,US4245250A,1,1979
US4506676A,US6167145A,1,1996
US3917952A,US4506676A,1,1982
US3631243A,US3917952A,1,1974
US3790802A,US3917952A,1,1974
DE2459866A1,US4506676A,1,1982
US4961422A,US6167145A,1,1996
US3717140A,US4961422A,1,1983
US3698394A,US4961422A,1,1983
US3949388A,US4961422A,1,1983
US3901224A,US4961422A,1,1983
US3942535A,US4961422A,1,1983
US3612041A,US3942535A,1,1973
US3991770A,US4961422A,1,1983
US4146029A,US4961422A,1,1983
US3662758A,US4146029A,1,1974
US3680544A,US4146029A,1,1974
US3692027A,US4146029A,1,1974
US3727616A,US4146029A,1,1974
US3662758A,US3727616A,1,1971
US3646940A,US3727616A,1,1971
US3837339A,US4146029A,1,1974
US3682160A,US3837339A,1,1972
US3894538A,US4146029A,1,1974
US3659600A,US3894538A,1,1972
US3604417A,US3894538A,1,1972
US3732865A,US3894538A,1,1972
US3604417A,US3732865A,1,1971
US3760805A,US3894538A,1,1972
US3760804A,US3894538A,1,1972
US3604417A,US3760804A,1,1971
US3760984A,US3894538A,1,1972
US3604417A,US3760984A,1,1970
US3871382A,US4146029A,1,1974
US3683932A,US3871382A,1,1973
US3757789A,US3871382A,1,1973
US3625201A,US3757789A,1,1971
US3871361A,US4146029A,1,1974
US3651806A,US3871361A,1,1969
US3771694A,US3871361A,1,1969
US3651806A,US3771694A,1,1972
US4055175A,US4146029A,1,1974
US3809871A,US4055175A,1,1976
US3655095A,US3809871A,1,1972
US3700904A,US3809871A,1,1972
US3593579A,US3700904A,1,1971
US3923060A,US4055175A,1,1976
US3651806A,US3923060A,1,1974
US3731681A,US3923060A,1,1974
US3701345A,US3923060A,1,1974
US3692027A,US3923060A,1,1974
US4034757A,US4146029A,1,1974
US3845883A,US4034757A,1,1976
US3938526A,US4961422A,1,1983
US3625202A,US3938526A,1,1974
US3875944A,US3938526A,1,1974
US3698394A ,US3875944A,1,1974
US3766923A,US3875944A,1,1974
US3682177A,US3766923A,1,1972
US3972320A,US4961422A,1,1983
US3639907A,US3972320A,1,1969
US4016886A,US4961422A,1,1983
US4119102A,US4961422A,1,1983
DE2356183A1,US4119102A,1,1975
US4121592A,US4961422A,1,1983
US3668556A,US4121592A,1,1975
US3800802A,US4121592A,1,1975
US3638657A,US3800802A,1,1972
DE2356183A1,US4121592A,1,1975
US3886932A,US4121592A,1,1975
US3590322A,US3886932A,1,1973
US3628094A,US3886932A,1,1973
US3706008A,US3886932A,1,1973
US3991770A,US4121592A,1,1975
US4016886A,US4121592A,1,1975
US4032860A,US4121592A,1,1975
US3670737A,US4032860A,1,1975
US3668556A,US4032860A,1,1975
US4127110A,US4961422A,1,1983
US4022190A,US4127110A,1,1976
US3625199A,US4022190A,1,1974
US3693612A,US4022190A,1,1974
US3686958A,US4022190A,1,1974
US3580082A,US3686958A,1,1971
US3693407A,US4022190A,1,1974
US3789667A,US4022190A,1,1974
US3580082A,US3789667A,1,1972
US3628373A,US3789667A,1,1972
US3714829A,US3789667A,1,1972
US3686958A,US3789667A,1,1972
US4027661A,US4127110A,1,1976
US3625199A,US4027661A,1,1974
US3686958A,US4027661A,1,1974
US3789667A,US4027661A,1,1974
US3958558A,US4127110A,1,1976
US3638496A,US3958558A,1,1974
US3738356A,US3958558A,1,1974
US3943915A,US4127110A,1,1976
US3757770A,US3943915A,1,1974
US4026276A,US4127110A,1,1976
US3738356A,US4026276A,1,1976
US3853117A,US4026276A,1,1976
US3625199A,US3853117A,1,1972
US3977391A,US4026276A,1,1976
US3625199A,US3977391A,1,1974
US3637034A,US3977391A,1,1974
US3686958A,US3977391A,1,1974
US3715927A,US3977391A,1,1974
US3789667A,US3977391A,1,1974
US3958558A,US4026276A,1,1976
US3943915A,US4026276A,1,1976
US4046139A,US4961422A,1,1983
US3951136A,US4046139A,1,1976
DE2003138A1,US3951136A,1,1973
US3734094A,US3951136A,1,1973
US4232679A,US4961422A,1,1983
US3727616A,US4232679A,1,1977
US3888261A,US4232679A,1,1977
US3646940A,US3888261A,1,1973
US3727616A,US3888261A,1,1973
US3898984A,US4232679A,1,1977
US3587563A,US3898984A,1,1974
US3646606A,US3898984A,1,1974
US3639907A,US3898984A,1,1974
US4066086A,US4232679A,1,1977
US3662758A,US4066086A,1,1975
US3618615A,US4066086A,1,1975
US3623486A,US4066086A,1,1975
US3518997A,US3623486A,1,1969
US3645267A,US4066086A,1,1975
US3805796A ,US4066086A,1,1975
US3631860A,US3805796A ,1,1971
US3518997A,US3631860A,1,1969
US3727616A,US4066086A,1,1975
US3833005A,US4066086A,1,1975
US3662758A,US3833005A,1,1971
US3631860A,US3833005A,1,1971
US3629710A,US3833005A,1,1971
US3774619A,US4066086A,1,1975
US3945387A,US4066086A,1,1975
US3672352A,US3945387A,1,1974
US3646940A,US3945387A,1,1974
US3623486A,US3945387A,1,1974
US3631860A,US3945387A,1,1974
US3639740A,US3945387A,1,1974
US3805796A,US3945387A,1,1974
US3830621A,US3945387A,1,1974
US3864173A,US3945387A,1,1974
US4019518A,US4232679A,1,1977
US3646940A,US4019518A,1,1975
US3805796A,US4019518A,1,1975
US3833005A,US4019518A,1,1975
US3888261A,US4019518A,1,1975
US4024875A,US4232679A,1,1977
US3693627A,US4024875A,1,1975
US3518997A,US3693627A,1,1970
US3727616A,US4024875A,1,1975
US3768017A,US4024875A,1,1975
US3681698A,US3768017A,1,1971
US4049004A,US4232679A,1,1977
US3557796A,US4049004A,1,1976
US3805796A,US4049004A,1,1976
US3727616A,US4049004A,1,1976
US3833005A,US4049004A,1,1976
US4030141A,US4232679A,1,1977
US3735425A,US4030141A,1,1971
US3631542A,US3735425A,1,1971
US3628527A,US3735425A,1,1971
US4312364A,US4961422A,1,1983
DE2356183A1,US4312364A,1,1977
DE2407559A1,US4312364A,1,1977
US4016886A,US4312364A,1,1977
US4108163A,US4312364A,1,1977
US4138998A,US4312364A,1,1977
US3662140A,US4138998A,1,1976
US3653385A,US4138998A,1,1976
US3975720A,US4138998A,1,1976
US3849622A,US3975720A,1,1974
US3731037A,US3849622A,1,1969
US3626135A,US3975720A,1,1974
US3742397A,US3975720A,1,1974
US3815113A,US3975720A,1,1974
US3606792A,US3815113A,1,1971
US3611336A,US3815113A,1,1971
US3786220A,US3975720A,1,1974
US3530499A,US3786220A,1,1971
US3624352A,US3786220A,1,1971
US3710062A,US3786220A,1,1971
US3594630A,US3710062A,1,1969
US3778798A,US3975720A,1,1974
US3611336A,US3778798A,1,1972
US3893111A,US4138998A,1,1976
US4108147A,US4312364A,1,1977
US4182313A,US4961422A,1,1983
US3783691A,US4182313A,1,1977
US4181132A,US4961422A,1,1983
US3982535A,US4181132A,1,1977
US3756234A,US3982535A,1,1974
US3731680A,US3982535A,1,1974
US3598727A,US3731680A,1,1971
US3998222A,US4181132A,1,1977
US3826257A,US3998222A,1,1974
US3638649A,US3826257A,1,1972
US3628813A,US3826257A,1,1972
US3626938A,US3826257A,1,1972
US3713441A,US3826257A,1,1972
US3765032A,US3998222A,1,1974
US3638649A,US3765032A,1,1969
US3663965A,US3765032A,1,1969
US3882862A,US3998222A,1,1974
US3638649A,US3882862A,1,1974
US3713441A,US3882862A,1,1974
US3818511A,US3882862A,1,1974
US3646616A,US3818511A,1,1972
US3667069A,US3818511A,1,1972
US3713441A,US3818511A,1,1972
US4142529A,US4961422A,1,1983
US3698394A,US4142529A,1,1977
US3840016A,US4142529A,1,1977
US3645265A,US3840016A,1,1972
US3789853A,US4142529A,1,1977
US3698397A,US3789853A,1,1972
US3667476A,US3789853A,1,1972
US3911924A,US4142529A,1,1977
US3664344A ,US3911924A,1,1970
US3721227A,US3911924A,1,1970
US3696813A,US3911924A,1,1970
US3901224A,US4142529A,1,1977
US3938526A,US4142529A,1,1977
US3902502A,US4142529A,1,1977
US3648708A,US3902502A,1,1974
US3791373A,US3902502A,1,1974
US3648708A,US3791373A,1,1972
US3817254A,US3902502A,1,1974
US4166451A,US4961422A,1,1983
US3822598A,US4166451A,1,1977
US3548661A,US3822598A,1,1971
US3604266A,US3822598A,1,1971
US3702076A,US3822598A,1,1971
US3738173A,US4166451A,1,1977
US3592059A,US3738173A,1,1971
US3872727A,US4166451A,1,1977
US3688581A,US3872727A,1,1972
US3919680A,US4166451A,1,1977
US3933149A,US4166451A,1,1977
US3688581A,US3933149A,1,1974
US3681993A,US3933149A,1,1974
US3699813A,US3933149A,1,1974
US3651694A,US3699813A,1,1970
US3765244A,US3933149A,1,1974
